{
	"mtx": [
		[1.53877362e+03, 0.00000000e+00, 9.63312690e+02],
		[0.00000000e+00, 1.53926720e+03, 5.48003183e+02],
		[0.00000000e+00, 0.00000000e+00, 1.00000000e+00]
	],
	"dist": [
		[1.22191833e-01, -2.89967196e-01, -5.45938622e-04, 2.29893528e-05, 1.34756128e-01]
	]
}
